EXTERNAL_ID	UNIQ_SAMPLE_ID	GENE_A	GENE_B	CHR_A	CHR_B	GENOMICBREAKPOINT_A	GENOMICBREAKPOINT_B	SPLITR_COUNT	SPAN_COUNT	TYPE_REARRANGMENT	IN_FRAME	DETECTION_SOFTWARE	ENSEMBL_ENSG_UP	ENSEMBL_ENST_UP	ENSEMBL_ENSG_DOWN	ENSEMBL_ENST_DOWN
P003B#A	H_0016B_CC2	SAT1	MNDA	X	1	23804204	158815419	2	5	TRANS	NA	tophatfusion	ENSG00000130066	ENST00000379270.4	ENSG00000163563	ENST00000368141.4
P017B#A	H_0101B_CC2	S100A8	PLEK	1	2	153362521	68619593	3	8	TRANS	NA	tophatfusion	ENSG00000143546	ENST00000368733.3	ENSG00000115956	ENST00000234313.7
P034A#B	H_0183A_TK	FRY	MYCBP2	13	13	32653170	77899452	166	65	DEL	NA	defuse	ENSG00000073910	ENST00000380250	ENSG00000005810	ENST00000544440
P057A#A	H_0344A_CC2	PNISR	NOX5	6	15	99859887	69266354	13	6	TRANS	NA	tophatfusion	ENSG00000132424	ENST00000369239.9	ENSG00000255346	ENST00000388866.7
P069A#A	H_0444A_CC2	S100A9	CTSD	1	11	153333292	1778695	2	2	TRANS	0	tophatfusion	ENSG00000163220	ENST00000368738	ENSG00000117984	ENST00000236671
P072A#A	H_0462A_CC2	CSF3R	ZFP36	1	19	36932310	39898773	2	6	TRANS	0	tophatfusion	ENSG00000119535	ENST00000373103.5	ENSG00000128016	ENST00000597629.1
P075A#C	H_0491A_CC1	BCR	ABL1	22	9	23632600	133729451	5	13	TRANS	1	defuse	ENSG00000186716	ENST00000305877	ENSG00000097007	ENST00000318560
P081B#A	H_0597B_CC2	KDM4B	CYHR1	19	8	5047679	145678842	2	2	TRANS	0	tophatfusion	ENSG00000127663	ENST00000159111	ENSG00000187954	ENST00000438911
P105A#A	H_0800A_CC2	AHCTF1	SMYD3	1	1	247094879	246167119	9	3	INV	0	tophatfusion	ENSG00000185420	ENST00000478568.1	ENSG00000185420	ENST00000490107.5
P106A#A	H_0805A_CC2	CUX1	chr7:148174610	7	7	101459370	148174610	31	14	INV	NA	defuse	ENSG00000257923	ENST00000292538	ENSG00000174469	BC025670.1
P106A#A	H_0805A_CC2	B2M	SELL	15	1	45010163	169660206	4	2	TRANS	NA	tophatfusion	ENSG00000166710	ENST00000558401	ENSG00000188404	ENST00000236147
P114A#D	MPC08_84_JM	XPO5	RUNX2	6	6	43527915	45459678	12	9	INV	0	defuse	ENSG00000124571	ENST00000265351	ENSG00000124813	ENST00000371438
P111A#D	635b_JM	INO80D	GPR1	2	2	206882404	207041275	18	2	DUP	1	soapfuse	ENSG00000114933	ENST00000403263	ENSG00000183671	ENST00000407325
